,City,Cloudiness,Country,Date,Humidity,Lat,Lng,Max Temp,Wind Speed
0,nanortalik,92,GL,1551058694,94,60.14,-45.24,32.53,7.4
1,vanimo,0,PG,1551058695,100,-2.67,141.3,82.53,2.04
2,albany,90,US,1551056340,65,42.65,-73.75,46.4,16.11
3,padang,20,ID,1551056400,83,-0.92,100.36,80.6,2.24
4,hermanus,0,ZA,1551058697,97,-34.42,19.24,54.31,2.59
5,tromso,75,NO,1551057600,80,69.65,18.96,39.2,38.03
6,cape town,0,ZA,1551056400,100,-33.93,18.42,66.2,10.29
7,jamestown,0,AU,1551058454,35,-33.21,138.6,87.61,5.95
8,vilyuysk,48,RU,1551058699,61,63.75,121.63,0.85,3.71
9,meulaboh,20,ID,1551058700,100,4.14,96.13,81.81,3.6
10,kaniama,68,CD,1551058700,89,-7.57,24.18,66.69,2.26
11,lebu,20,ET,1551056400,71,8.96,38.73,57.2,4.7
12,kieta,12,PG,1551058701,98,-6.22,155.63,81.9,4.72
13,kaeo,0,NZ,1551058702,46,-35.1,173.78,71.64,18.81
14,flinders,40,AU,1551056400,53,-34.58,150.85,73.4,6.93
15,abu dhabi,88,AE,1551056400,82,24.47,54.37,68.0,2.24
16,jacareacanga,64,BR,1551058703,96,-6.22,-57.76,73.98,2.71
17,husavik,24,CA,1551058703,70,50.56,-96.99,-5.95,12.44
18,hambantota,20,LK,1551057000,100,6.12,81.12,73.4,2.24
19,tingi,76,TZ,1551058704,100,-11.3,35.03,74.88,3.94
20,copiapo,0,CL,1551056400,77,-27.37,-70.33,64.4,11.41
21,bambous virieux,75,MU,1551056400,83,-20.34,57.76,80.6,4.7
22,bluff,0,AU,1551058705,35,-23.58,149.07,90.36,11.77
23,east london,68,ZA,1551058550,100,-33.02,27.91,71.32,10.42
24,palmer,0,AU,1551056400,16,-34.85,139.16,91.4,6.93
25,trinidad,0,UY,1551058707,75,-33.52,-56.9,59.94,7.85
26,bhor,0,IN,1551058707,65,18.15,73.84,67.81,2.71
27,bredasdorp,12,ZA,1551056400,88,-34.53,20.04,62.6,2.82
28,castro,0,CL,1551056400,75,-42.48,-73.76,46.4,6.93
29,ushuaia,75,AR,1551056400,48,-54.81,-68.31,42.8,18.34
30,newport,32,GB,1551055800,60,51.59,-3.0,42.8,3.36
31,port blair,20,IN,1551056400,94,11.67,92.75,73.4,2.24
32,zunyi,68,CN,1551058710,91,27.73,106.92,44.23,4.16
33,mataura,12,NZ,1551058710,46,-46.19,168.86,62.68,10.87
34,hobart,0,AU,1551056400,22,-42.88,147.33,80.6,10.29
35,busselton,48,AU,1551058711,78,-33.64,115.35,76.59,16.02
36,rincon,1,US,1551057300,33,32.3,-81.24,69.8,8.05
37,kaitangata,20,NZ,1551058526,55,-46.28,169.85,61.87,9.98
38,denpasar,20,ID,1551056400,83,-8.65,115.22,84.2,5.82
39,touros,40,BR,1551056400,94,-5.2,-35.46,78.8,3.36
40,buala,88,SB,1551058714,80,-8.15,159.59,84.96,5.28
41,novosheshminsk,76,RU,1551058714,84,55.06,51.22,13.86,7.85
42,necochea,8,AR,1551058715,97,-38.55,-58.74,52.33,11.88
43,alofi,92,NU,1551056400,78,-19.06,-169.92,82.4,14.99
44,arraial do cabo,48,BR,1551058716,87,-22.97,-42.02,80.19,7.63
45,walvis bay,8,NA,1551056400,82,-22.95,14.51,68.0,4.7
46,punta arenas,20,CL,1551056400,70,-53.16,-70.91,44.6,11.41
47,new norfolk,0,AU,1551056400,22,-42.78,147.06,80.6,10.29
48,lavrentiya,24,RU,1551058717,84,65.58,-170.99,29.83,35.81
49,hithadhoo,92,MV,1551058718,100,-0.6,73.08,82.53,7.74
50,faanui,76,PF,1551058718,98,-16.48,-151.75,83.92,8.19
51,cap malheureux,75,MU,1551056400,83,-19.98,57.61,80.6,4.7
52,puerto ayora,75,EC,1551052800,74,-0.74,-90.35,84.2,9.17
53,yellowknife,40,CA,1551056400,69,62.45,-114.38,-13.01,4.7
54,ahipara,0,NZ,1551058720,74,-35.17,173.16,68.35,22.5
55,sioux lookout,90,CA,1551057180,70,50.1,-91.92,3.2,19.46
56,iqaluit,5,CA,1551056400,62,63.75,-68.52,-16.61,9.17
57,camacari,20,BR,1551056400,79,-12.7,-38.32,84.2,11.41
58,tuktoyaktuk,75,CA,1551056400,84,69.44,-133.03,8.6,5.82
59,barrow,12,AR,1551058723,71,-38.31,-60.23,52.2,13.0
60,egvekinot,36,RU,1551058723,75,66.32,-179.17,15.48,15.68
61,grand gaube,75,MU,1551056400,83,-20.01,57.66,80.6,4.7
62,olinda,75,EC,1551056400,83,-2.03,-79.75,80.6,3.36
63,rikitea,92,PF,1551058604,100,-23.12,-134.97,80.01,14.0
64,hofn,12,IS,1551058726,93,64.25,-15.21,42.25,20.27
65,port alfred,36,ZA,1551058727,96,-33.59,26.89,66.28,5.28
66,mar del plata,12,AR,1551058728,77,-46.43,-67.52,44.5,8.75
67,salalah,20,OM,1551055800,78,17.01,54.1,73.4,2.24
68,harper,1,US,1551057300,32,30.3,-99.24,53.6,9.75
69,wick,20,GB,1551056160,60,51.45,-2.43,42.8,3.36
70,hilo,90,US,1551055980,73,19.71,-155.08,71.6,10.29
71,tucuman,8,PE,1551058731,84,-17.17,-70.89,59.58,1.81
72,naze,48,NG,1551058731,95,5.43,7.07,74.38,2.93
73,port elizabeth,1,US,1551056160,87,39.31,-74.98,51.8,16.11
74,sembakung,40,ID,1551056400,74,3.82,117.25,84.2,6.93
75,isabela,32,PH,1551058732,63,10.2,122.99,82.66,4.05
76,chicama,90,PE,1551056400,83,-7.84,-79.15,75.2,10.29
77,baracoa,32,CU,1551058733,100,20.35,-74.5,74.38,9.19
78,kodiak,1,US,1551057300,43,39.95,-94.76,19.4,6.93
79,pevek,80,RU,1551058735,79,69.7,170.27,-1.85,29.77
80,avarua,44,CK,1551056400,69,-21.21,-159.78,80.6,5.82
81,chokurdakh,0,RU,1551058736,0,70.62,147.9,-31.6,7.96
82,victoria,75,BN,1551056400,83,5.28,115.24,82.4,3.36
83,fortuna,0,ES,1551056400,93,38.18,-1.13,46.4,3.36
84,bathurst,8,AU,1551058738,63,-33.42,149.58,70.42,3.6
85,pathein,0,MM,1551058738,82,16.78,94.73,81.76,4.61
86,te anau,0,NZ,1551058739,36,-45.41,167.72,61.06,3.49
87,anaconda,90,US,1551055980,78,46.13,-112.94,8.6,8.05
88,port hardy,20,CA,1551056400,65,50.7,-127.42,41.0,5.82
89,mount isa,0,AU,1551056400,52,-20.73,139.49,87.8,8.05
90,richards bay,68,ZA,1551058740,93,-28.77,32.06,72.81,5.95
91,cabo san lucas,40,MX,1551055440,56,22.89,-109.91,71.6,8.05
92,vaini,0,IN,1551056400,52,15.34,74.49,68.0,3.83
93,teguldet,64,RU,1551058741,68,57.31,88.17,17.05,8.63
94,klaksvik,48,FO,1551057600,100,62.23,-6.59,48.2,9.17
95,muli,0,IN,1551058742,43,22.62,71.45,64.53,2.93
96,derzhavinsk,56,KZ,1551058742,81,51.1,66.31,9.36,10.09
97,sorland,92,NO,1551058743,96,67.67,12.69,41.71,29.21
98,kapaa,20,US,1551056160,61,22.08,-159.32,78.8,17.22
99,isangel,12,VU,1551058744,99,-19.55,169.27,82.35,15.79
100,eirunepe,32,BR,1551058745,95,-6.66,-69.87,75.69,2.37
101,tiksi,68,RU,1551058746,66,71.64,128.87,-5.09,19.82
102,vavoua,0,CI,1551058747,78,7.38,-6.48,73.98,3.71
103,dosso,0,NE,1551058748,25,13.05,3.19,65.11,11.54
104,nicoya,0,CR,1551056400,54,10.15,-85.45,84.2,24.16
105,provideniya,75,RU,1551056400,83,64.42,-173.23,32.0,22.37
106,bethel,75,US,1551056160,93,60.79,-161.76,35.6,10.29
107,aklavik,40,CA,1551056400,49,68.22,-135.01,23.0,4.7
108,saskylakh,68,RU,1551058751,60,71.97,114.09,-7.48,5.39
109,caala,32,AO,1551058751,94,-12.85,15.56,55.08,2.37
110,porto novo,20,BR,1551056400,65,-23.68,-45.44,80.6,4.7
111,hailar,8,CN,1551058749,59,49.2,119.7,23.62,12.77
112,dikson,48,RU,1551058753,79,73.51,80.55,-4.96,11.54
113,nauchnyy gorodok,20,RU,1551056400,78,53.42,83.52,14.0,6.71
114,chiredzi,0,ZW,1551058753,84,-21.05,31.67,70.6,4.05
115,grindavik,40,IS,1551056400,93,63.84,-22.43,44.6,17.22
116,narang,92,PK,1551056400,87,32.43,73.82,50.0,3.38
117,qaanaaq,0,GL,1551058755,86,77.48,-69.36,-20.53,7.18
118,vila velha,20,BR,1551056400,83,-3.71,-38.6,78.8,3.36
119,abilene,1,US,1551056160,23,32.45,-99.73,53.6,8.05
120,vao,0,EE,1551058756,79,59.1,26.19,35.01,14.67
121,mandi bahauddin,88,PK,1551058756,100,32.58,73.49,49.72,6.96
122,great falls,90,US,1551056640,83,47.5,-111.29,-7.61,10.29
123,bismarck,40,US,1551057300,76,46.81,-100.78,-5.81,8.05
124,aktau,90,KZ,1551056400,100,43.65,51.16,33.8,8.95
125,lamu,0,ID,1551058758,76,0.57,122.3,84.51,0.81
126,upernavik,32,GL,1551058758,100,72.79,-56.15,-0.28,21.16
127,taoudenni,0,ML,1551058758,28,22.68,-3.98,51.21,11.43
128,kavaratti,0,IN,1551058759,100,10.57,72.64,80.95,2.37
129,kruisfontein,0,ZA,1551058759,88,-34.0,24.73,59.31,2.71
130,huilong,44,CN,1551058760,90,28.89,110.18,44.73,3.15
131,san matias,20,HN,1551056400,60,13.97,-86.63,71.6,6.93
132,emet,68,TR,1551058761,90,39.34,29.26,27.76,2.71
133,bathsheba,20,BB,1551056400,69,13.22,-59.52,78.8,24.16
134,berdigestyakh,32,RU,1551058762,58,62.1,126.7,-2.39,3.83
135,tabou,0,CI,1551058762,97,4.42,-7.36,82.71,13.78
136,sterlibashevo,64,RU,1551058762,77,53.44,55.26,8.5,6.51
137,leningradskiy,88,RU,1551058676,82,69.38,178.42,16.96,18.59
138,lagoa,0,PT,1551056400,76,37.14,-8.45,57.2,11.41
139,akdagmadeni,68,TR,1551058765,86,39.66,35.88,25.11,2.93
140,ribeira grande,0,PT,1551058765,100,38.52,-28.7,58.5,17.13
141,aleksandrov gay,36,RU,1551058765,66,50.14,48.57,2.88,7.63
142,fernie,20,CA,1551056400,44,49.5,-115.06,21.2,3.36
143,aviles,0,ES,1551056400,87,43.55,-5.92,50.0,1.12
144,saint-philippe,90,CA,1551057360,96,45.36,-73.48,37.4,16.11
145,nikolskoye,75,RU,1551056400,80,59.7,30.79,35.6,17.9
146,buy,92,RU,1551058768,96,58.48,41.53,31.86,11.65
147,whyalla,36,AU,1551056400,14,-33.04,137.58,96.8,9.17
148,butaritari,80,KI,1551058769,100,3.07,172.79,83.79,17.47
149,saint-pierre,0,FR,1551056400,55,48.95,4.24,39.2,8.05
150,atuona,0,PF,1551058730,100,-9.8,-139.03,80.91,8.97
151,ilulissat,44,GL,1551055800,56,69.22,-51.1,14.0,3.36
152,niagara falls,90,CA,1551057480,77,43.1,-79.12,33.8,28.86
153,mazamari,44,PE,1551058772,100,-11.33,-74.53,66.37,1.7
154,luderitz,0,NA,1551058729,71,-26.65,15.16,63.9,13.22
155,margate,0,AU,1551056400,22,-43.03,147.26,80.6,10.29
156,ust-maya,48,RU,1551058774,62,60.42,134.54,-8.38,1.36
157,ponferrada,0,ES,1551058774,75,42.55,-6.59,29.25,1.92
158,waghai,0,IN,1551058775,63,20.77,73.5,69.43,2.59
159,kudahuvadhoo,8,MV,1551058776,100,2.67,72.89,82.35,12.66
160,carnarvon,0,ZA,1551058776,72,-30.97,22.13,51.3,2.93
161,batemans bay,0,AU,1551058776,70,-35.71,150.18,73.98,5.39
162,khatanga,56,RU,1551058777,56,71.98,102.47,-11.89,5.17
163,muros,0,ES,1551056400,71,42.77,-9.06,55.4,4.7
164,komsomolskiy,88,RU,1551058778,80,67.55,63.78,15.84,8.75
165,clyde river,1,CA,1551056400,74,70.47,-68.59,-23.81,4.7
166,hay river,40,CA,1551056400,69,60.82,-115.79,-11.21,4.7
167,kisangani,0,CD,1551058779,95,0.52,25.21,73.57,3.49
168,atar,0,MR,1551058780,27,20.52,-13.05,57.37,8.19
169,san andres,0,PH,1551058780,100,13.32,122.68,78.39,7.63
170,xining,24,CN,1551058781,60,36.62,101.77,24.7,3.6
171,airai,36,TL,1551058781,86,-8.93,125.41,79.56,1.59
172,atocha,90,EC,1551056400,87,-1.22,-78.6,53.6,4.7
173,biak,88,ID,1551058782,100,-0.91,122.88,77.17,2.82
174,ambulu,12,ID,1551058782,100,-8.35,113.61,83.79,2.82
175,benguela,0,AO,1551058783,100,-12.58,13.4,76.95,5.84
176,shambu,76,ET,1551058783,94,9.57,37.1,54.81,1.92
177,chifeng,0,CN,1551058783,45,42.27,118.96,34.96,4.38
178,road town,20,VG,1551056400,65,18.42,-64.62,77.0,9.17
179,san cristobal,90,EC,1551056400,93,-0.39,-78.55,57.2,2.24
180,ayan,36,TR,1551058786,87,40.67,33.6,19.98,2.71
181,ponta do sol,36,BR,1551058786,86,-20.63,-46.0,68.08,5.17
182,bhim tal,32,IN,1551058786,69,29.35,79.57,47.7,2.37
183,itoman,75,JP,1551056400,73,26.12,127.67,71.6,6.93
184,lerik,75,AZ,1551056400,87,38.78,48.42,44.6,3.04
185,andapa,64,MG,1551058788,93,-14.66,49.65,68.4,2.59
186,ballina,80,IE,1551058789,89,54.11,-9.15,50.98,11.99
187,chuy,92,UY,1551058790,87,-33.69,-53.46,66.46,5.17
188,corowa,20,AU,1551056400,31,-36.0,146.39,78.8,5.82
189,linqiong,40,CN,1551056400,100,30.42,103.46,46.4,2.24
190,georgetown,20,GY,1551056400,74,6.8,-58.16,78.8,9.17
191,ravar,24,IR,1551058792,91,31.27,56.81,28.8,2.59
192,vanavara,80,RU,1551058792,75,60.35,102.28,24.84,10.2
193,blackburn,36,GB,1551055800,70,53.75,-2.48,46.4,2.24
194,tunceli,0,TR,1551055800,92,39.11,39.55,28.4,4.7
195,alice springs,0,AU,1551056400,20,-23.7,133.88,93.2,10.29
196,balabac,32,PH,1551058795,96,7.99,117.06,81.45,13.44
197,kalmunai,88,LK,1551058795,96,7.42,81.82,76.45,4.05
198,chapais,90,CA,1551057360,85,49.78,-74.86,21.2,19.46
199,horsham,24,AU,1551058796,31,-36.71,142.2,88.29,8.63
200,kindu,88,CD,1551058796,89,-2.95,25.92,72.09,1.14
201,sena madureira,12,BR,1551058797,91,-9.07,-68.66,75.28,3.15
202,yulara,0,AU,1551056400,11,-25.24,130.99,95.0,9.17
203,cherskiy,76,RU,1551058798,76,68.75,161.3,-12.29,10.31
204,ahuimanu,40,US,1551057540,61,21.44,-157.84,82.4,10.29
205,sao felix do xingu,24,BR,1551058799,95,-6.64,-51.99,74.65,2.37
206,nizhneudinsk,0,RU,1551058800,66,54.91,99.03,22.86,2.59
207,bam,0,IR,1551058611,68,29.11,58.36,30.37,3.38
208,wanxian,20,CN,1551058800,90,30.8,108.39,48.24,2.82
209,verkhnyaya inta,88,RU,1551058801,88,65.99,60.32,22.41,4.94
210,khor,68,RU,1551058801,47,47.88,134.96,27.76,8.63
211,valu lui traian,0,RO,1551056400,79,44.16,28.47,21.2,9.17
212,talaya,40,RU,1551056400,85,55.79,84.89,14.0,13.42
213,gorgan,90,IR,1551056400,93,36.84,54.43,46.4,1.92
214,fort morgan,0,US,1551056100,79,40.25,-103.8,26.6,6.93
215,dasoguz,0,TM,1551056400,81,41.84,59.97,37.4,2.24
216,mujiayingzi,0,CN,1551058807,45,42.12,118.78,34.96,4.38
217,harrisburg,90,US,1551056160,48,40.27,-76.89,46.4,13.87
218,gediz,76,TR,1551058808,86,38.99,29.39,32.08,2.93
219,saint george,90,GR,1551055800,47,39.45,22.34,35.6,9.17
220,portland,75,US,1551057420,80,45.52,-122.67,42.8,8.05
221,joshimath,68,IN,1551058809,89,30.57,79.57,8.32,1.36
222,kralendijk,0,BQ,1551056100,78,12.15,-68.27,77.0,13.87
223,narsaq,76,GL,1551055800,30,60.91,-46.05,41.0,27.51
224,pesochnoye,92,RU,1551058812,95,58.01,39.18,33.52,17.81
225,cabedelo,0,BR,1551056400,88,-6.97,-34.84,80.6,4.7
226,strezhevoy,0,RU,1551056400,92,60.73,77.6,10.4,11.18
227,bereda,0,ES,1551056400,87,43.27,-7.54,48.2,6.93
228,katsuura,40,JP,1551056400,76,33.93,134.5,50.0,11.41
229,tsaratanana,32,MG,1551058814,94,-16.8,47.65,68.85,2.48
230,zadar,0,HR,1551054600,34,44.12,15.24,35.6,9.17
231,mecca,20,SA,1551058570,57,21.43,39.83,60.93,2.59
232,benghazi,76,LY,1551058616,100,32.12,20.07,51.97,4.5
233,sosua,20,DO,1551056400,88,19.77,-70.52,75.2,11.41
234,arcachon,0,FR,1551056400,93,44.65,-1.18,42.8,1.12
235,henties bay,48,NA,1551058817,95,-22.12,14.28,66.73,6.29
236,baiyin,90,CN,1551056400,79,36.55,104.13,26.6,4.47
237,torbay,5,CA,1551056400,56,47.66,-52.73,12.2,8.05
238,dukat,0,RS,1551058818,73,42.44,22.31,6.16,2.71
239,waitara,0,NZ,1551058819,87,-39.0,174.24,62.68,27.42
240,natal,20,BR,1551056400,83,-5.81,-35.21,80.6,6.93
241,bud,92,NO,1551055800,84,62.91,6.91,44.6,5.82
242,malpe,20,IN,1551056400,88,13.35,74.72,73.4,3.36
243,aquiraz,20,BR,1551056400,83,-3.9,-38.39,78.8,3.36
244,dakar,0,SN,1551056400,43,14.69,-17.45,71.6,10.29
245,coos bay,90,US,1551057720,100,43.37,-124.22,37.4,6.93
246,thompson,5,CA,1551056400,61,55.74,-97.86,-18.41,3.36
247,shiyan,0,CN,1551058822,55,32.65,110.78,47.2,2.37
248,gusau,0,NG,1551058823,42,12.17,6.66,63.13,6.4
249,port antonio,20,JM,1551056400,61,18.18,-76.45,80.6,14.99
250,siguiri,0,GN,1551058823,37,11.42,-9.17,64.71,9.64
251,lompoc,1,US,1551057300,66,34.64,-120.46,57.2,9.17
252,kango,24,GA,1551058824,93,0.19,10.1,76.0,2.59
253,willowmore,0,ZA,1551058824,81,-33.3,23.49,44.91,2.93
254,kirakira,8,SB,1551058825,100,-10.46,161.92,83.56,10.76
255,huntsville,1,US,1551057300,48,34.73,-86.59,50.0,4.7
256,mucuri,0,BR,1551058826,87,-18.08,-39.55,81.13,12.44
257,mahebourg,75,MU,1551056400,83,-20.41,57.7,80.6,4.7
258,svay rieng,0,KH,1551058826,66,11.08,105.8,86.26,8.08
259,dublin,75,IE,1551056400,86,53.35,-6.26,50.0,5.82
260,namibe,80,AO,1551058827,100,-15.19,12.15,74.65,3.04
261,adamas,92,GR,1551055800,81,36.73,24.43,46.4,28.86
262,ilo,0,PE,1551058828,95,-17.65,-71.34,65.25,2.15
263,saldanha,0,PT,1551058727,76,41.42,-6.55,31.05,2.93
264,port moresby,40,PG,1551056400,59,-9.47,147.16,89.6,19.46
265,manono,76,CD,1551058829,84,-7.3,27.4,71.55,2.59
266,plettenberg bay,0,ZA,1551058818,100,-34.05,23.37,64.8,1.36
267,hasaki,75,JP,1551057480,58,35.73,140.83,53.6,5.82
268,laguna,75,MX,1551055260,42,27.52,-110.01,68.0,9.17
269,almaznyy,90,RU,1551056400,92,48.03,40.04,24.8,13.42
270,broome,0,GB,1551056160,93,52.47,1.45,42.8,2.24
271,ahome,90,MX,1551055200,52,25.92,-109.18,64.4,17.22
272,acari,44,BR,1551058832,95,-6.44,-36.64,70.51,2.48
273,roebourne,0,AU,1551058833,24,-20.77,117.15,104.85,4.61
274,saint-georges,92,CA,1551058833,79,46.12,-70.67,32.08,9.19
275,telafas,20,PH,1551056400,54,6.64,124.97,84.2,6.93
276,vestmannaeyjar,0,IS,1551058835,91,63.44,-20.27,43.29,13.78
277,homer,1,US,1551055980,51,59.64,-151.54,39.2,8.05
278,carrollton,1,US,1551057300,45,33.58,-85.08,55.4,3.36
279,moissac,0,FR,1551056400,93,44.11,1.08,42.8,5.82
280,sao filipe,0,CV,1551058837,90,14.9,-24.5,72.4,12.21
281,fort-shevchenko,36,KZ,1551058838,100,44.51,50.26,28.12,12.77
282,belmonte,0,PT,1551058839,75,40.36,-7.35,34.74,2.26
283,prince rupert,1,CA,1551056400,40,54.32,-130.32,37.4,4.16
284,port keats,0,AU,1551058840,82,-14.25,129.55,92.65,0.58
285,gornopravdinsk,76,RU,1551058840,78,60.06,69.92,17.1,9.31
286,carballo,0,ES,1551056400,87,43.21,-8.69,53.6,6.93
287,bitung,20,ID,1551056400,74,1.44,125.19,84.2,4.7
288,talnakh,80,RU,1551058842,73,69.49,88.39,5.26,7.74
289,beyneu,92,KZ,1551058842,93,45.32,55.19,31.95,10.98
290,yarim,0,YE,1551058842,73,14.3,44.38,39.28,1.59
291,aksu,0,KZ,1551056400,91,52.04,76.93,-5.81,4.47
292,candido mendes,92,BR,1551058843,100,-1.45,-45.72,78.52,9.53
293,preobrazheniye,0,RU,1551058844,39,42.9,133.91,31.41,5.61
294,caravelas,0,BR,1551058844,100,-17.73,-39.27,83.7,17.02
295,mitropoli,90,GR,1551055800,47,39.34,21.84,35.6,9.17
296,lufilufi,90,WS,1551056400,83,-13.87,-171.6,82.4,12.75
297,ketchikan,1,US,1551055980,19,55.34,-131.65,37.4,8.05
298,vavuniya,64,LK,1551058764,83,8.76,80.5,78.39,4.38
299,doha,0,QA,1551056400,68,25.29,51.53,68.0,12.75
300,kabompo,0,ZM,1551058847,86,-13.6,24.21,61.87,3.6
301,bandarbeyla,92,SO,1551058848,100,9.49,50.81,77.71,15.46
302,taormina,40,IT,1551056100,66,37.85,15.29,51.8,1.12
303,moranbah,0,AU,1551058849,42,-22.0,148.04,87.97,14.0
304,grove city,40,US,1551057360,63,39.88,-83.09,37.4,31.09
305,nelson bay,20,AU,1551056400,47,-32.72,152.14,77.0,13.87
306,tasiilaq,92,GL,1551055800,92,65.61,-37.64,32.0,49.44
307,arman,68,RU,1551058583,52,59.7,150.17,3.24,6.06
308,brae,80,GB,1551055800,93,60.4,-1.35,46.4,14.99
309,soyo,64,AO,1551058852,96,-6.13,12.37,75.91,2.82
310,kununurra,0,AU,1551057180,63,-15.77,128.74,91.4,5.82
311,new kensington,90,US,1551057300,55,40.57,-79.76,37.4,21.92
312,kinwat,0,IN,1551058854,41,19.62,78.2,74.7,4.05
313,rio gallegos,40,AR,1551056400,65,-51.62,-69.22,46.4,20.8
314,severo-kurilsk,64,RU,1551058854,100,50.68,156.12,23.04,7.29
315,koutsouras,92,GR,1551058855,100,35.03,25.95,57.51,18.48
316,kabalo,24,CD,1551058855,89,-6.05,26.92,69.21,2.26
317,beloha,0,MG,1551058856,90,-25.17,45.06,69.75,2.37
318,ostrovnoy,92,RU,1551058856,96,68.05,39.51,33.21,14.23
319,vila franca do campo,75,PT,1551056400,87,37.72,-25.43,53.6,16.11
320,eyl,68,SO,1551058857,100,7.98,49.82,75.15,15.23
321,camopi,68,GF,1551058859,91,3.17,-52.33,73.21,3.15
322,cowra,8,AU,1551058859,71,-33.84,148.69,74.61,4.16
323,kenmare,24,IE,1551058561,94,51.88,-9.58,50.35,14.23
324,asifabad,8,IN,1551058861,62,19.38,79.29,74.25,3.71
325,kawalu,0,ID,1551058861,79,-7.38,108.21,79.15,2.59
326,souillac,75,FR,1551056400,100,45.6,-0.6,42.8,5.17
327,coquimbo,0,CL,1551056400,82,-29.95,-71.34,62.6,6.93
328,newcastle,92,ZA,1551058574,100,-27.76,29.92,58.81,2.93
329,viedma,0,AR,1551058864,51,-40.81,-62.99,54.22,19.37
330,huaral,0,PE,1551056400,78,-11.5,-77.21,75.2,10.29
331,pedernales,80,EC,1551058865,98,0.07,-80.05,72.09,2.93
332,cidreira,100,BR,1551058866,100,-30.17,-50.22,70.11,1.48
333,kovdor,24,RU,1551058866,86,67.56,30.47,23.8,4.72
334,carupano,68,VE,1551058867,90,10.67,-63.26,76.36,13.44
335,auki,0,NG,1551058867,42,12.18,6.51,63.13,6.4
336,oyama,75,JP,1551057480,58,36.31,139.8,53.6,5.82
337,gerash,0,IR,1551056400,76,27.67,54.14,48.2,5.39
338,pilot butte,20,CA,1551056400,68,50.48,-104.42,-14.81,8.05
339,berlevag,88,NO,1551058870,97,70.86,29.09,36.22,17.25
340,chingirlau,76,KZ,1551058871,73,51.09,54.08,10.35,3.15
341,pisco,90,PE,1551056400,78,-13.71,-76.2,75.2,4.7
342,camabatela,68,AO,1551058872,92,-8.19,15.37,61.51,2.71
343,vostok,68,RU,1551058873,63,46.45,135.83,20.7,5.17
344,khorol,48,UA,1551058873,86,49.78,33.27,20.43,10.65
345,yunyang,0,CN,1551058873,71,32.84,110.81,48.15,3.71
346,sao joao da barra,20,BR,1551058874,95,-21.64,-41.05,83.38,14.67
347,ola,56,RU,1551058875,100,59.58,151.3,3.78,6.62
348,xai-xai,92,MZ,1551058876,100,-25.04,33.64,77.17,4.5
349,east millcreek,1,US,1551057300,64,40.7,-111.81,44.6,13.87
350,northam,20,GB,1551055800,75,51.04,-4.21,41.0,8.05
351,seymchan,64,RU,1551058878,63,62.93,152.39,-9.1,11.54
352,mokhsogollokh,64,RU,1551058879,61,61.4,128.95,3.78,3.6
353,kamenka,80,RU,1551058879,89,53.19,44.05,19.03,10.65
354,puerto madryn,0,AR,1551058821,95,-42.77,-65.04,53.23,25.86
355,hurricane,1,US,1551056160,34,37.18,-113.29,48.2,2.93
356,statesboro,1,US,1551057300,33,32.45,-81.78,68.0,8.05
357,lorengau,36,PG,1551058881,95,-2.02,147.27,83.92,6.85
358,constitucion,40,MX,1551055380,5,23.99,-104.67,69.8,14.99
359,tilichiki,0,RU,1551058882,70,60.47,166.1,0.72,3.71
360,sorada,24,IN,1551058883,95,19.76,84.43,69.48,0.92
361,eureka,90,US,1551056100,87,40.8,-124.16,50.0,9.17
362,slavyanka,0,RU,1551058884,89,42.86,131.39,35.32,9.08
363,port-gentil,92,GA,1551058884,96,-0.72,8.78,81.67,5.84
364,skjervoy,88,NO,1551058885,99,70.03,20.97,38.61,21.27
365,abdanan,0,IR,1551058885,80,32.99,47.42,30.69,2.15
366,ancud,0,CL,1551056400,75,-41.87,-73.83,46.4,6.93
367,san antonio,0,CL,1551056400,82,-33.58,-71.61,57.2,6.93
368,beringovskiy,8,RU,1551058888,80,63.05,179.32,26.05,8.52
369,jalingo,80,NG,1551058889,75,10.3,10.93,74.83,10.09
370,saint-augustin,0,FR,1551056400,93,44.83,-0.61,42.8,2.24
371,poum,0,MK,1551058890,77,41.28,20.71,6.7,1.36
372,savannah bight,0,HN,1551058891,95,16.45,-85.85,80.1,22.28
373,franklin,40,US,1551057300,31,35.93,-86.87,46.4,4.7
374,bandar-e lengeh,0,IR,1551058893,98,26.56,54.88,70.83,12.77
375,muisne,92,EC,1551058894,94,0.61,-80.02,73.12,2.71
376,sitka,20,US,1551058894,67,37.17,-99.65,36.4,13.22
377,zorritos,75,PE,1551056400,33,-3.68,-80.68,89.6,3.36
378,rio grande,92,BR,1551058617,100,-32.03,-52.1,71.77,10.87
379,caibarien,20,CU,1551055800,78,22.52,-79.47,75.2,8.05
380,waipawa,92,NZ,1551058896,92,-39.94,176.59,53.86,14.45
381,guaratingueta,75,BR,1551056400,88,-22.82,-45.19,75.2,2.24
382,geraldton,90,CA,1551056400,78,49.72,-86.95,15.8,21.92
383,bogacs,32,HU,1551058897,74,47.9,20.53,23.62,2.26
384,rawson,0,AR,1551058679,47,-43.3,-65.11,47.2,14.79
385,solnechnyy,48,RU,1551058898,58,50.72,136.64,15.07,3.71
386,narok,88,KE,1551058899,97,-1.09,35.87,56.61,3.15
387,karratha,0,AU,1551058899,24,-20.74,116.85,104.85,4.61
388,south venice,90,US,1551056700,100,27.05,-82.42,75.2,3.36
389,uray,76,RU,1551058900,79,60.13,64.8,19.57,7.4
390,manta,0,RO,1551058901,74,45.1,24.1,11.43,3.15
391,llanes,0,ES,1551058901,77,43.42,-4.75,35.86,4.05
392,yeppoon,0,AU,1551056400,39,-23.13,150.74,84.2,14.99
393,longyearbyen,40,NO,1551055800,64,78.22,15.63,1.4,12.75
394,matagami,24,NG,1551058903,97,9.67,8.4,64.66,3.94
395,ust-nera,0,RU,1551058903,48,64.57,143.24,-32.23,2.37
396,albanel,90,CA,1551056400,92,48.88,-72.44,23.0,12.75
397,baykit,68,RU,1551058904,71,61.68,96.39,19.26,11.77
398,jobner,0,IN,1551056400,67,26.97,75.39,57.2,2.24
399,kumbo,44,CM,1551058906,92,6.21,10.69,62.5,2.59
400,spirit river,5,CA,1551056400,76,55.78,-118.84,-9.41,4.7
401,mountain home,90,US,1551056280,75,43.13,-115.69,44.6,12.75
402,puerto del rosario,0,ES,1551056400,88,28.5,-13.86,62.6,5.82
403,sur,0,OM,1551058882,96,22.57,59.53,71.01,6.17
404,hobyo,8,SO,1551058909,88,5.35,48.53,76.14,13.56
405,anadyr,0,RU,1551056400,78,64.73,177.51,14.0,4.47
406,tuatapere,12,NZ,1551058910,85,-46.13,167.69,57.46,10.65
407,baoro,76,CF,1551058910,76,5.69,15.95,73.75,2.93
408,kavieng,8,PG,1551058911,100,-2.57,150.8,83.38,7.52
409,dois vizinhos,8,BR,1551058911,89,-25.75,-53.06,72.4,4.05
410,miura,75,JP,1551056400,62,35.17,139.64,57.2,10.29
411,san patricio,88,PY,1551058912,98,-26.98,-56.83,72.22,5.06
412,beri,0,IN,1551058912,48,25.9,79.89,64.89,4.94
413,tarsus,20,TR,1551055800,87,36.92,34.88,46.4,3.36
414,saint augustine,20,TT,1551056400,94,10.65,-61.4,73.4,13.33
415,emerald,40,AU,1551056400,37,-23.53,148.16,84.2,14.99
416,teknaf,56,BD,1551058914,80,20.86,92.31,76.0,5.28
417,sabae,75,JP,1551056400,57,35.95,136.19,51.8,10.29
418,baruun-urt,0,MN,1551058915,40,46.68,113.28,27.22,7.63
419,huntington,1,US,1551056640,81,40.87,-73.43,46.4,16.11
420,polyarnyy,75,RU,1551056400,100,69.2,33.45,33.8,4.47
421,valparaiso,1,US,1551057300,67,41.47,-87.06,26.6,27.51
422,uyuni,92,BO,1551058746,82,-20.46,-66.82,47.79,2.04
423,guthrie,1,US,1551057300,42,35.88,-97.43,48.2,6.93
424,bhigvan,0,IN,1551058919,33,18.32,74.77,71.05,3.38
425,hamilton,75,BM,1551056100,94,32.3,-64.78,68.0,18.34
426,bloomingdale,75,US,1551057300,73,41.96,-88.08,21.2,31.09
427,cockburn town,0,TC,1551058920,97,21.46,-71.14,77.71,19.04
428,dali,8,CN,1551058921,57,25.6,100.24,59.26,2.59
429,havoysund,75,NO,1551055800,93,71.0,24.66,35.6,20.8
430,agirish,80,RU,1551058923,84,61.92,63.02,22.5,5.73
431,manggar,32,ID,1551058924,94,-2.88,108.27,85.59,4.38
432,kholm,0,RU,1551058924,85,57.15,31.18,30.82,14.34
433,marawi,0,PH,1551058924,44,8.0,124.29,82.89,3.15
434,golspie,88,GB,1551055800,66,57.97,-3.98,55.4,9.17
435,mulege,0,MX,1551058925,81,26.88,-111.98,51.43,6.17
436,aurad,0,IN,1551058926,35,18.25,77.42,73.53,0.69
437,nishihara,75,JP,1551056400,46,35.74,139.53,55.4,4.7
438,cayenne,92,GF,1551056400,74,4.94,-52.33,78.8,10.29
439,leshukonskoye,80,RU,1551058929,89,64.9,45.76,30.78,7.07
440,teya,20,MX,1551055440,88,21.05,-89.07,80.6,11.41
441,shingu,40,JP,1551056400,58,33.72,135.99,57.2,5.82
442,vangaindrano,88,MG,1551058923,99,-23.35,47.6,69.88,2.82
443,susangerd,0,IR,1551056400,72,31.56,48.19,59.0,4.7
444,navolato,75,MX,1551055500,49,24.76,-107.7,73.4,5.82
445,mount gambier,12,AU,1551056400,15,-37.83,140.78,91.4,17.22
446,kimbe,12,PG,1551058933,96,-5.56,150.15,84.01,2.48
447,mayo,40,CA,1551056400,60,63.59,-135.9,5.0,3.38
448,foz,0,ES,1551058935,89,43.57,-7.26,55.03,6.4
449,kuryk,68,KZ,1551058935,93,43.18,51.68,35.5,12.66
450,chake chake,48,TZ,1551058935,100,-5.25,39.77,82.35,11.21
451,saint-louis,0,CH,1551056400,80,47.59,7.56,39.2,2.93
452,russell,0,AR,1551056400,43,-33.01,-68.8,71.6,3.36
453,roma,0,IT,1551056100,35,41.89,12.48,41.0,5.82
454,rocha,12,UY,1551058746,88,-34.48,-54.34,57.01,2.59
455,bilma,12,NE,1551058937,38,18.69,12.92,46.89,9.86
456,naryan-mar,88,RU,1551058938,91,67.67,53.09,29.61,15.01
457,portsmouth,0,GB,1551055800,60,50.8,-1.08,41.0,4.7
458,roura,92,GF,1551056400,74,4.73,-52.33,78.8,10.29
459,thanh hoa,0,VN,1551056400,74,10.21,106.33,80.6,4.7
460,eldorado,75,MX,1551055500,49,24.32,-107.36,73.4,5.82
461,codrington,90,AU,1551056400,60,-28.95,153.24,77.0,16.11
462,tongling,56,CN,1551058940,79,30.93,117.81,51.16,4.16
463,dingle,0,PH,1551058941,54,11.0,122.67,84.91,11.21
464,lilongwe,8,MW,1551058941,90,-13.97,33.79,54.22,2.93
465,mitu,0,IR,1551058942,70,36.2,46.09,13.5,1.7
466,marrakesh,0,MA,1551056400,44,31.63,-7.99,57.2,3.36
467,vitim,68,RU,1551058943,69,59.44,112.57,17.55,5.17
468,nantucket,90,US,1551057300,100,41.28,-70.1,44.6,16.11
469,pingdingshan,56,CN,1551058747,73,33.74,113.3,49.59,4.5
470,beni suef,0,EG,1551058944,50,29.07,31.1,50.76,12.44
471,pishin,0,PK,1551058944,81,30.58,67.0,24.21,4.5
472,izumo,75,JP,1551056400,70,35.37,132.75,50.0,5.82
473,maumere,12,ID,1551058945,96,-8.63,122.22,84.82,2.37
474,morant bay,20,JM,1551056400,61,17.88,-76.41,80.6,14.99
475,sinnamary,100,GF,1551058946,95,5.38,-52.96,78.88,12.44
476,neiafu,75,TO,1551056400,70,-18.65,-173.98,86.0,11.41
477,lahaina,20,US,1551056160,53,20.87,-156.68,80.6,16.11
478,pontes e lacerda,8,BR,1551058947,80,-15.23,-59.33,75.46,5.28
479,aitape,20,PG,1551058949,86,-3.15,142.36,83.61,3.6
480,jhargram,64,IN,1551058949,89,22.45,86.99,69.52,5.73
481,coihaique,0,CL,1551056400,75,-45.58,-72.07,46.4,5.82
482,neuquen,0,AR,1551056400,18,-38.95,-68.06,64.4,9.17
483,shu,0,KZ,1551058951,63,43.6,73.76,22.59,2.59
484,mweka,32,CD,1551058951,92,-4.85,21.56,71.05,1.92
485,leh,24,IN,1551058951,45,34.16,77.58,-18.05,0.92
486,udachnyy,36,RU,1551058952,74,66.42,112.4,-0.91,5.61
487,kyshtovka,68,RU,1551058952,85,56.56,76.62,13.68,12.66
488,zyryanka,24,RU,1551058953,64,65.73,150.89,-14.5,2.71
489,bubaque,0,GW,1551058953,100,11.28,-15.83,75.6,2.82
490,binga,0,ZW,1551058954,91,-17.62,27.34,70.87,1.7
491,omboue,44,GA,1551058954,100,-1.57,9.26,82.3,6.73
492,trenggalek,8,ID,1551058954,81,-8.05,111.71,82.71,2.93
493,carutapera,92,BR,1551058955,98,-1.2,-46.02,76.41,4.83
494,guymon,1,US,1551057300,36,36.68,-101.48,44.6,12.75
495,puerto castilla,0,ES,1551058956,81,40.29,-5.63,30.24,2.37
496,oranjestad,20,AW,1551056400,74,12.52,-70.03,78.8,20.8
497,tiznit,0,MA,1551058957,58,29.7,-9.73,54.63,3.15
498,villa carlos paz,0,AR,1551056400,93,-31.42,-64.5,64.4,4.7
499,beaverlodge,5,CA,1551056400,76,55.21,-119.43,-9.41,4.7
500,quatre cocos,75,MU,1551056400,83,-20.21,57.76,80.6,4.7
501,miri,32,NG,1551058959,96,10.31,9.75,64.89,4.16
502,colares,0,PT,1551056400,66,38.8,-9.45,55.4,3.36
503,angoche,8,MZ,1551058960,100,-16.23,39.91,81.54,3.94
504,teahupoo,75,PF,1551056400,66,-17.83,-149.27,87.8,11.41
505,ust-kuyga,48,RU,1551058960,33,70.0,135.55,-23.5,4.16
506,buin,0,CL,1551056400,23,-33.73,-70.74,75.2,12.75
507,urengoy,88,RU,1551058961,72,65.96,78.37,0.45,12.77
508,mehran,0,IR,1551056400,86,33.12,46.17,37.4,5.06
509,tura,0,IN,1551058962,70,25.52,90.21,66.33,3.15
510,vadso,36,NO,1551055800,86,70.07,29.75,33.8,19.46
511,nogliki,0,RU,1551058963,100,51.8,143.14,11.2,7.18
512,saint-leu,0,RE,1551056400,69,-21.15,55.28,80.6,8.05
513,camenca,36,MD,1551058965,78,47.82,27.37,17.55,7.74
514,oranjemund,24,ZA,1551058965,95,-28.55,16.43,62.86,15.68
515,mangai,24,CD,1551058965,89,-4.07,19.59,74.2,1.59
516,los llanos de aridane,0,ES,1551056400,42,28.66,-17.92,64.4,3.36
517,bataipora,24,BR,1551058966,92,-22.3,-53.27,72.9,4.94
518,la ronge,20,CA,1551056400,52,55.1,-105.3,-7.61,6.93
519,esperance,20,TT,1551056400,94,10.24,-61.45,73.4,4.61
520,maniitsoq,68,GL,1551058968,81,65.42,-52.9,9.22,4.16
521,arlit,0,NE,1551058969,36,18.74,7.39,52.74,8.97
522,great yarmouth,0,GB,1551055800,93,52.61,1.73,37.4,2.24
523,srednekolymsk,48,RU,1551058970,72,67.46,153.71,-16.84,4.61
524,waingapu,36,ID,1551058970,85,-9.65,120.26,84.24,3.71
525,srinagar,80,IN,1551058971,87,34.07,74.82,23.04,1.59
526,ornskoldsvik,0,SE,1551055800,48,63.29,18.72,44.6,34.45
527,gat,0,SN,1551056400,43,14.69,-16.54,71.6,10.29
528,yulin,68,CN,1551058972,79,38.3,109.75,38.2,4.72
529,shache,48,CN,1551058973,53,38.42,77.24,32.17,5.73
530,harpanahalli,0,IN,1551058973,42,14.8,75.98,73.48,8.63
531,lata,68,IN,1551058974,98,30.78,78.62,33.21,1.59
532,richmond,20,CA,1551057300,75,49.16,-123.14,44.6,12.75
533,lodingen,92,NO,1551055800,80,68.41,16.0,41.0,34.45
534,axim,68,GH,1551058976,100,4.87,-2.24,82.26,13.11
535,norman wells,90,CA,1551056400,65,65.28,-126.83,5.0,2.24
536,fairbanks,1,US,1551056280,56,64.84,-147.72,21.2,0.81
537,lodwar,36,KE,1551058977,86,3.12,35.6,70.56,2.04
538,sangar,8,RU,1551058977,73,63.92,127.47,-17.29,2.59
539,zalesovo,64,RU,1551058978,87,54.0,84.74,14.53,7.4
540,xichang,0,CN,1551058979,22,27.88,102.25,59.4,2.59
541,bergerac,0,FR,1551056400,100,44.85,0.49,33.8,4.7
542,mrakovo,76,RU,1551058979,79,52.72,56.62,9.9,3.15
543,barhi,40,IN,1551056400,87,24.31,85.42,57.2,3.36
544,savannakhet,40,TH,1551056400,78,16.57,104.76,75.2,2.24
545,poli,88,CM,1551058981,94,8.48,13.24,69.88,2.93
546,sisimiut,68,GL,1551058981,73,66.94,-53.67,-3.97,1.25
547,port hedland,0,AU,1551056400,63,-20.31,118.58,93.2,11.41
548,fenoarivo atsinanana,24,MG,1551058984,96,-17.38,49.41,72.58,2.15
549,nara,0,JP,1551056400,62,34.68,135.8,51.8,2.24
550,hami,0,CN,1551058985,63,42.84,93.51,28.53,7.74
551,xuddur,0,SO,1551058986,86,4.12,43.89,66.37,10.76
552,nam dinh,92,VN,1551058986,100,20.42,106.17,63.45,6.17
553,thinadhoo,36,MV,1551058986,98,0.53,72.93,83.79,11.88
554,marsh harbour,0,BS,1551058987,100,26.54,-77.06,75.33,9.42
555,chimbote,48,PE,1551058987,94,-9.08,-78.59,71.95,4.94
556,pyay,0,MM,1551058988,63,18.82,95.22,82.89,4.16
557,west bay,12,GB,1551055800,80,50.71,-2.76,33.8,3.36
558,dwarka,40,IN,1551056400,82,28.58,77.04,55.4,3.36
559,bardoli,0,IN,1551056400,88,21.12,73.11,62.6,2.59
560,flin flon,24,CA,1551058989,52,54.77,-101.88,-4.6,7.18
561,agadir,0,MA,1551056400,57,30.42,-9.58,51.8,6.93
